[0% Gluten] Madrid,[0% Gluten] Madrid,-3.7088897,40.4331079
CELICIOSO Gluten Free Bakery,CELICIOSO Gluten Free Bakery,-3.701066,40.420441
Celicioso,Celicioso,-3.6795075,40.4215592
As De Bastos Madrid,As De Bastos Madrid,-3.7079958,40.453162
Maná Productos Sin Gluten. Tu tienda especialista,Maná Productos Sin Gluten. Tu tienda especialista,-3.6651992,40.4243798
Sana Locura Gluten Free Bakery,Sana Locura Gluten Free Bakery,-3.6801016,40.4360652
Katz Madrid Gluten free,Katz Madrid Gluten free,-3.6803965,40.4434609
La Tape,La Tape,-3.7058795,40.4288476
Pizza End Gluten,Pizza End Gluten,-3.6708058,40.427713
LEON THE BAKER,LEON THE BAKER,-3.676922,40.423302
Celicioso Callao,Celicioso Callao,-3.7049295,40.4195161
Restaurante La Jauría,Restaurante La Jauría,-3.7011607,40.4238805
Panadería Gluten Free,Panadería Gluten Free,-3.6801016,40.4360652
Glotones sin gluten,Glotones sin gluten,-3.6389437,40.4369137
Sin Gluten,Sin Gluten,-3.7086371,40.432954
LEON THE BAKER,LEON THE BAKER,-3.6924501,40.4475492
Guasa Madrid,Guasa Madrid,-3.6990311,40.4251615
Pastelería La Oriental Sin gluten,Pastelería La Oriental Sin gluten,-3.720771,40.429531
LaLina Bravas, Tapas y Copas,LaLina Bravas, Tapas y Copas,-3.7089143,40.4114544
Grosso Napoletano Gluten Free,Grosso Napoletano Gluten Free,-3.6955787,40.424795
